iso3,country,year,cases,deaths,cfr
CIV,Cote d'Ivoire,2017,411,,
COG,Congo,2017,1251,,
BEN,Benin,2017,625,,
COD,DR Congo,2017,30038,,
NGA,Nigeria,2017,597,,
MLI,Mali,2017,219,,
GHA,Ghana,2017,9548,,
NER,Niger,2017,5285,,
GIN,Guinea,2017,7325,,
BFA,Burkina Faso,2017,143,,
CMR,Cameroon,2017,125,,
TOG,Togo,2017,61,,
SIL,Sierra Leone,2017,22345,,
GNB,Guinea Bissau,2017,3359,,
LBR,Liberia,2017,386,,
BEN,,2016,761,13.0,1.70828
COD,DR Congo,2016,28093,759.0,2.70174
USA,,2016,14,0.0,0.0
GHA,,2016,175,0.0,0.0
SOM,Somalia,2016,15619,548.0,3.50855
DOM,,2016,1159,27.0,2.32959
IND,India,2016,841,3.0,0.35672
NGA,Nigeria,2016,768,32.0,4.16667
RWA,,2016,355,0.0,0.0
CAN,,2016,1,0.0,0.0
NER,Niger,2016,38,6.0,15.78947
COG,Congo,2016,15,2.0,13.33333
PHL,Philippines,2016,124,0.0,0.0
ZWE,Zimbabwe,2016,10,1.0,10.0
HTI,Haiti,2016,41421,447.0,1.07916
CHN,,2016,27,0.0,0.0
UGA,Uganda,2016,516,11.0,2.13178
SSD,,2016,4295,82.0,1.9092
YEM,Yemen,2016,15751,164.0,1.0412
DNK,,2016,1,0.0,0.0
GBR,,2016,19,0.0,0.0
IRQ,,2016,0,0.0,0.0
TZA,Tanzania,2016,11360,172.0,1.51408
THA,,2016,52,1.0,1.92308
NLD,,2016,1,0.0,0.0
DEU,,2016,1,0.0,0.0
AFG,Afghanistan,2016,677,5.0,0.73855
KOR,,2016,4,0.0,0.0
AUS,,2016,1,0.0,0.0
AGO,Angola,2016,78,3.0,3.84615
MWI,Malawi,2016,1792,46.0,2.56696
BDI,Burundi,2016,434,5.0,1.15207
MMR,,2016,782,11.0,1.40665
MOZ,Mozambique,2016,883,2.0,0.2265
KEN,Kenya,2016,5866,80.0,1.36379
JPN,,2016,10,0.0,0.0
NPL,,2016,169,0.0,0.0
AFG,Afghanistan,2015,58064,8.0,0.01
NPL,,2015,80,0.0,0.0
IRN,,2015,86,1.0,1.2
IRQ,,2015,4965,2.0,0.04
BDI,Burundi,2015,442,0.0,0.0
AUS,,2015,2,0.0,0.0
SSD,,2015,1818,47.0,2.6
GHA,,2015,692,8.0,1.2
CIV,,2015,199,6.0,3.0
SWE,,2015,1,0.0,0.0
OMN,,2015,1,0.0,0.0
COD,DR Congo,2015,19182,276.0,1.4
JPN,,2015,7,0.0,0.0
MMR,,2015,103,12.0,11.7
CUB,,2015,65,0.0,0.0
NGA,Nigeria,2015,5290,186.0,3.5
IND,India,2015,889,4.0,0.4
NOR,,2015,1,0.0,0.0
MEX,,2015,1,0.0,0.0
CHN,,2015,13,0.0,0.0
KWT,,2015,5,0.0,0.0
ESP,,2015,2,0.0,0.0
CHE,,2015,2,0.0,0.0
UGA,Uganda,2015,1461,33.0,2.3
THA,,2015,125,1.0,0.8
CAN,,2015,3,0.0,0.0
BHR,,2015,8,0.0,0.0
CMR,Cameroon,2015,124,6.0,4.8
HTI,Haiti,2015,36045,322.0,0.9
KEN,Kenya,2015,13291,67.0,0.5
TGO,,2015,35,1.0,2.9
MWI,Malawi,2015,693,11.0,1.6
NER,Niger,2015,51,4.0,7.8
FRA,,2015,1,0.0,0.0
SOM,Somalia,2015,7536,84.0,1.1
TZA,Tanzania,2015,11563,144.0,1.2
MOZ,Mozambique,2015,8739,64.0,0.7
MYS,,2015,244,2.0,0.8
GBR,,2015,15,0.0,0.0
DOM,,2015,546,15.0,2.7
ZWE,Zimbabwe,2015,60,0.0,0.0
USA,,2015,4,0.0,0.0
IND,India,2014,4031,21.0,0.52096
RUS,,2014,1,0.0,0.0
CHL,,2014,1,0.0,0.0
SSD,,2014,6421,167.0,2.60084
CAN,,2014,2,0.0,0.0
DOM,,2014,603,11.0,1.82421
GBR,,2014,14,0.0,0.0
NAM,,2014,485,13.0,2.68041
THA,,2014,12,0.0,0.0
NER,Niger,2014,2059,80.0,3.88538
HTI,Haiti,2014,27753,296.0,1.06655
SOM,Somalia,2014,2820,0.0,0.0
CIV,,2014,235,12.0,5.10638
GIN,Guinea,2014,1,0.0,0.0
UGA,Uganda,2014,309,9.0,2.91262
AUS,,2014,2,0.0,0.0
MOZ,Mozambique,2014,480,1.0,0.20833
PAK,Pakistan,2014,1218,6.0,0.49261
AGO,Angola,2014,213,3.0,1.40845
USA,,2014,7,0.0,0.0
MYS,,2014,134,1.0,0.74627
TGO,,2014,262,11.0,4.19847
JPN,,2014,5,0.0,0.0
NGA,Nigeria,2014,35996,755.0,2.09746
FRA,,2014,1,0.0,0.0
PHL,Philippines,2014,4547,8.0,0.17594
GHA,,2014,28944,243.0,0.83955
GNB,,2014,11,2.0,18.18182
MEX,,2014,14,0.0,0.0
COD,DR Congo,2014,22203,372.0,1.67545
BDI,Burundi,2014,582,9.0,1.54639
CUB,,2014,76,0.0,0.0
DEU,,2014,1,0.0,0.0
SGP,,2014,2,0.0,0.0
NPL,,2014,933,2.0,0.21436
CHN,,2014,24,0.0,0.0
CMR,Cameroon,2014,3355,184.0,5.48435
AFG,Afghanistan,2014,45481,4.0,0.00879
BEN,,2014,832,12.0,1.44231
LBR,,2014,44,0.0,0.0
MMR,,2014,400,0.0,0.0
KEN,Kenya,2014,35,9.0,25.71429
IRQ,,2013,1,0.0,0.0
CHL,,2013,2,0.0,0.0
AGO,Angola,2013,6655,86.0,1.29
DOM,,2013,1954,42.0,2.15
TZA,Tanzania,2013,270,17.0,6.3
IRN,,2013,256,7.0,2.73
VEN,,2013,4,0.0,0.0
GIN,Guinea,2013,319,32.0,10.03
UGA,Uganda,2013,748,27.0,3.61
MEX,,2013,187,1.0,0.53
NAM,,2013,3,0.0,0.0
PHL,Philippines,2013,6,0.0,0.0
MYS,,2013,171,1.0,0.58
AFG,Afghanistan,2013,3957,14.0,0.35
CHN,,2013,53,1.0,1.89
CIV,,2013,56,2.0,3.57
ISR,,2013,1,0.0,0.0
HTI,Haiti,2013,58809,593.0,1.01
CAN,,2013,1,0.0,0.0
NER,Niger,2013,585,13.0,2.22
GNB,,2013,969,28.0,2.89
MMR,,2013,33,0.0,0.0
PAK,Pakistan,2013,1069,23.0,2.15
ITA,,2013,1,0.0,0.0
JPN,,2013,8,0.0,0.0
KOR,,2013,3,0.0,0.0
BDI,Burundi,2013,1557,17.0,1.09
LBR,,2013,92,0.0,0.0
CUB,,2013,181,0.0,0.0
SGP,,2013,2,0.0,0.0
THA,,2013,8,0.0,0.0
TGO,,2013,166,4.0,2.41
SLE,,2013,377,32.0,8.49
SOM,Somalia,2013,6864,140.0,2.04
MLI,Mali,2013,23,2.0,8.7
GHA,,2013,50,0.0,0.0
MOZ,Mozambique,2013,1869,19.0,1.02
AUS,,2013,3,0.0,0.0
CMR,Cameroon,2013,29,0.0,0.0
IND,India,2013,6008,54.0,0.9
GBR,,2013,6,0.0,0.0
ZAF,,2013,1,0.0,0.0
COG,Congo,2013,1624,221.0,13.61
USA,,2013,14,0.0,0.0
COD,DR Congo,2013,26944,491.0,1.82
BEN,,2013,528,6.0,1.14
NGA,Nigeria,2013,6600,229.0,3.47
BEN,,2012,625,3.0,0.48
MLI,Mali,2012,219,19.0,8.68
SGP,,2012,2,0.0,0.0
THA,,2012,29,0.0,0.0
BDI,Burundi,2012,214,1.0,0.47
NPL,,2012,34,0.0,0.0
NGA,Nigeria,2012,597,18.0,3.02
IRN,,2012,53,0.0,0.0
CIV,,2012,424,19.0,4.48
CUB,,2012,417,3.0,0.72
PAK,Pakistan,2012,144,8.0,5.6
GBR,,2012,17,0.0,0.0
MYS,,2012,282,1.0,0.4
NER,Niger,2012,5284,110.0,2.08
BFA,,2012,143,7.0,4.9
BHS,,2012,1,0.0,0.0
CAF,Central African Republic,2012,21,0.0,0.0
COD,DR Congo,2012,33661,819.0,2.43
IRQ,,2012,4693,4.0,0.0
MWI,Malawi,2012,187,2.0,1.07
AFG,Afghanistan,2012,12,0.0,0.1
ZWE,Zimbabwe,2012,23,1.0,4.35
GIN,Guinea,2012,7350,133.0,1.81
COG,Congo,2012,1181,37.0,3.13
CMR,Cameroon,2012,363,5.0,1.38
TGO,,2012,61,1.0,1.64
JPN,,2012,3,0.0,0.0
MEX,,2012,2,0.0,0.0
ZMB,Zambia,2012,198,2.0,1.01
GNB,,2012,3068,22.0,0.72
TZA,Tanzania,2012,286,4.0,1.4
AUS,,2012,5,0.0,0.0
GHA,,2012,9548,100.0,1.05
SLE,,2012,23124,299.0,1.29
RUS,,2012,1,0.0,0.0
CHN,,2012,77,0.0,0.0
AGO,Angola,2012,1215,98.0,8.07
MOZ,Mozambique,2012,647,7.0,1.08
UGA,Uganda,2012,6326,135.0,2.13
RWA,,2012,9,0.0,0.0
MMR,,2012,174,0.0,0.0
SEN,,2012,1,0.0,0.0
USA,,2012,18,0.0,0.0
LBR,,2012,219,0.0,0.0
PHL,Philippines,2012,1864,14.0,0.8
DOM,,2012,7919,68.0,0.86
SOM,Somalia,2012,22576,200.0,0.89
HTI,Haiti,2012,112076,894.0,0.8
MMR,,2011,0,0.0,0.0
BFA,,2011,0,2.0,0.0
MLI,Mali,2011,0,95.0,0.0
NGA,Nigeria,2011,0,742.0,0.0
GIN,Guinea,2011,0,0.0,0.0
AUS,,2011,0,0.0,0.0
CIV,,2011,0,24.0,0.0
YEM,Yemen,2011,0,134.0,0.0
SEN,,2011,0,0.0,0.0
KEN,Kenya,2011,0,2.0,0.0
GHA,,2011,0,105.0,0.0
LBR,,2011,0,0.0,0.0
MWI,Malawi,2011,0,4.0,0.0
BHS,,2011,0,0.0,0.0
VEN,,2011,0,0.0,0.0
ZMB,Zambia,2011,0,7.0,0.0
TCD,Chad,2011,0,458.0,0.0
PNG,,2011,0,2.0,0.0
DEU,,2011,0,0.0,0.0
TZA,Tanzania,2011,0,11.0,0.0
BDI,Burundi,2011,0,1.0,0.0
SOM,Somalia,2011,0,1130.0,0.0
NER,Niger,2011,0,60.0,0.0
KHM,,2011,0,0.0,0.0
SGP,,2011,0,0.0,0.0
USA,,2011,0,0.0,0.0
MOZ,Mozambique,2011,0,5.0,0.0
PHL,Philippines,2011,0,3.0,0.0
AFG,Afghanistan,2011,0,44.0,0.0
CHL,,2011,0,0.0,0.0
DJI,,2011,0,1.0,0.0
TGO,,2011,0,0.0,0.0
COD,DR Congo,2011,0,584.0,0.0
CAN,,2011,0,0.0,0.0
MEX,,2011,0,0.0,0.0
AGO,Angola,2011,0,110.0,0.0
MYS,,2011,0,10.0,0.0
BEN,,2011,0,4.0,0.0
FRA,,2011,0,0.0,0.0
CAF,Central African Republic,2011,0,15.0,0.0
CMR,Cameroon,2011,0,783.0,0.0
BRN,,2011,0,0.0,0.0
THA,,2011,0,4.0,0.0
BRA,,2011,0,0.0,0.0
ZWE,Zimbabwe,2011,0,2.0,0.0
NPL,,2011,0,0.0,0.0
JPN,,2011,0,0.0,0.0
MRT,,2011,0,3.0,0.0
KOR,,2011,0,0.0,0.0
PAK,Pakistan,2011,0,219.0,0.0
COG,Congo,2011,762,0.0,0.0
DOM,,2011,0,336.0,0.0
CHN,,2011,0,0.0,0.0
SWE,,2011,0,0.0,0.0
HTI,Haiti,2011,0,2869.0,0.0
VNM,,2011,0,0.0,0.0
IRN,,2011,0,12.0,0.0
GBR,,2011,0,0.0,0.0
UKR,,2011,0,0.0,0.0
TCD,Chad,2010,0,175.0,0.0
ZMB,Zambia,2010,0,62.0,0.0
VNM,,2010,0,0.0,0.0
MWI,Malawi,2010,0,17.0,0.0
MEX,,2010,0,0.0,0.0
KOR,,2010,0,0.0,0.0
YEM,Yemen,2010,0,4.0,0.0
UGA,Uganda,2010,0,78.0,0.0
NGA,Nigeria,2010,0,1712.0,0.0
LAO,,2010,0,4.0,0.0
CAN,,2010,0,0.0,0.0
PAK,Pakistan,2010,0,0.0,0.0
BDI,Burundi,2010,0,1.0,0.0
MYS,,2010,0,6.0,0.0
SOM,Somalia,2010,0,103.0,0.0
CIV,,2010,0,0.0,0.0
AUS,,2010,0,0.0,0.0
COD,DR Congo,2010,0,182.0,0.0
USA,,2010,0,0.0,0.0
NPL,,2010,0,9.0,0.0
CMR,Cameroon,2010,0,657.0,0.0
GBR,,2010,0,0.0,0.0
KEN,Kenya,2010,0,63.0,0.0
HTI,Haiti,2010,0,3990.0,0.0
TGO,,2010,0,3.0,0.0
MOZ,Mozambique,2010,0,117.0,0.0
DJI,,2010,0,19.0,0.0
AFG,Afghanistan,2010,0,10.0,0.0
IRQ,,2010,0,0.0,0.0
RUS,,2010,0,0.0,0.0
KHM,,2010,0,1.0,0.0
TZA,Tanzania,2010,0,59.0,0.0
IND,India,2010,0,9.0,0.0
NER,Niger,2010,0,66.0,0.0
BEN,,2010,0,8.0,0.0
LBR,,2010,0,0.0,0.0
CHN,,2010,0,0.0,0.0
THA,,2010,0,15.0,0.0
GHA,,2010,0,3.0,0.0
SEN,,2010,0,0.0,0.0
PNG,,2010,0,95.0,0.0
ETH,Ethiopia,2010,0,21.0,0.0
ZWE,Zimbabwe,2010,0,21.0,0.0
DOM,,2010,0,0.0,0.0
DEU,,2010,0,1.0,0.0
AGO,Angola,2010,0,30.0,0.0
PHL,Philippines,2010,0,2.0,0.0
COD,DR Congo,2009,0,237.0,0.0
THA,,2009,0,2.0,0.0
SDN,Sudan,2009,0,52.0,0.0
SEN,,2009,0,0.0,0.0
CIV,,2009,0,2.0,0.0
TGO,,2009,0,1.0,0.0
NPL,,2009,0,0.0,0.0
MYS,,2009,0,1.0,0.0
GBR,,2009,0,0.0,0.0
TCD,Chad,2009,0,6.0,0.0
SOM,Somalia,2009,0,3.0,0.0
ZAF,,2009,0,57.0,0.0
GNB,,2009,0,0.0,0.0
BDI,Burundi,2009,0,0.0,0.0
CHN,,2009,0,0.0,0.0
USA,,2009,0,0.0,0.0
AGO,Angola,2009,0,88.0,0.0
ZMB,Zambia,2009,0,80.0,0.0
MOZ,Mozambique,2009,0,155.0,0.0
YEM,Yemen,2009,0,3.0,0.0
ZWE,Zimbabwe,2009,0,2706.0,0.0
CAN,,2009,0,0.0,0.0
BWA,,2009,0,2.0,0.0
MWI,Malawi,2009,0,125.0,0.0
KEN,Kenya,2009,0,264.0,0.0
CMR,Cameroon,2009,0,89.0,0.0
AFG,Afghanistan,2009,0,11.0,0.0
IRQ,,2009,0,0.0,0.0
PNG,,2009,0,45.0,0.0
UGA,Uganda,2009,0,23.0,0.0
NAM,,2009,0,3.0,0.0
FRA,,2009,0,0.0,0.0
SWZ,,2009,0,0.0,0.0
TZA,Tanzania,2009,0,113.0,0.0
VNM,,2009,0,1.0,0.0
BEN,,2009,0,1.0,0.0
GHA,,2009,0,9.0,0.0
RWA,,2009,0,0.0,0.0
LBR,,2009,0,2.0,0.0
NGA,Nigeria,2009,0,431.0,0.0
ETH,Ethiopia,2009,0,434.0,0.0
GIN,Guinea,2009,0,0.0,0.0
KHM,,2009,0,0.0,0.0
PRY,,2009,0,0.0,0.0
COG,Congo,2009,0,0.0,0.0
CIV,,2008,0,1.0,0.0
VNM,,2008,0,0.0,0.0
COG,Congo,2008,0,4.0,0.0
SYC,,2008,0,0.0,0.0
TGO,,2008,0,3.0,0.0
MWI,Malawi,2008,0,26.0,0.0
SEN,,2008,0,20.0,0.0
ZMB,Zambia,2008,0,39.0,0.0
LBR,,2008,0,3.0,0.0
USA,,2008,0,0.0,0.0
SWZ,,2008,0,0.0,0.0
BDI,Burundi,2008,0,4.0,0.0
BEN,,2008,0,5.0,0.0
CAN,,2008,0,0.0,0.0
GHA,,2008,0,25.0,0.0
UGA,Uganda,2008,0,120.0,0.0
MEX,,2008,0,0.0,0.0
GBR,,2008,0,0.0,0.0
AFG,Afghanistan,2008,0,22.0,0.0
COM,,2008,0,0.0,0.0
ETH,Ethiopia,2008,0,23.0,0.0
GMB,,2008,0,0.0,0.0
IRQ,,2008,0,11.0,0.0
KAZ,,2008,0,0.0,0.0
MLI,Mali,2008,0,5.0,0.0
GNB,,2008,0,225.0,0.0
KEN,Kenya,2008,0,113.0,0.0
THA,,2008,0,3.0,0.0
ZWE,Zimbabwe,2008,0,2928.0,0.0
MMR,,2008,0,1.0,0.0
NGA,Nigeria,2008,0,247.0,0.0
CMR,Cameroon,2008,0,0.0,0.0
GAB,,2008,0,0.0,0.0
SLE,,2008,0,1.0,0.0
AGO,Angola,2008,0,243.0,0.0
NLD,,2008,0,0.0,0.0
NAM,,2008,0,38.0,0.0
BWA,,2008,0,1.0,0.0
IDN,,2008,0,27.0,0.0
SDN,Sudan,2008,0,118.0,0.0
CHN,,2008,0,0.0,0.0
MOZ,Mozambique,2008,0,102.0,0.0
ZAF,,2008,0,22.0,0.0
BFA,,2008,0,0.0,0.0
STP,,2008,0,4.0,0.0
SOM,Somalia,2008,0,16.0,0.0
IND,India,2008,0,1.0,0.0
FRA,,2008,0,0.0,0.0
ERI,,2008,0,0.0,0.0
ESP,,2008,0,0.0,0.0
COD,DR Congo,2008,0,548.0,0.0
NER,Niger,2008,0,70.0,0.0
RWA,,2008,0,0.0,0.0
DNK,,2008,0,0.0,0.0
FIN,,2008,0,0.0,0.0
GIN,Guinea,2008,0,32.0,0.0
TZA,Tanzania,2008,0,88.0,0.0
IRN,,2008,0,4.0,0.0
LAO,,2008,0,0.0,0.0
THA,,2007,0,7.0,0.0
CAN,,2007,0,0.0,0.0
UKR,,2007,0,0.0,0.0
ITA,,2007,0,0.0,0.0
COD,DR Congo,2007,0,600.0,0.0
ZWE,Zimbabwe,2007,0,4.0,0.0
COG,Congo,2007,0,133.0,0.0
CIV,,2007,0,1.0,0.0
MRT,,2007,0,0.0,0.0
IRN,,2007,0,0.0,0.0
IND,India,2007,0,3.0,0.0
JPN,,2007,0,0.0,0.0
NOR,,2007,0,0.0,0.0
SYC,,2007,0,1.0,0.0
ESP,,2007,0,0.0,0.0
ZMB,Zambia,2007,0,35.0,0.0
NGA,Nigeria,2007,0,48.0,0.0
ERI,,2007,0,9.0,0.0
UGA,Uganda,2007,0,3.0,0.0
NER,Niger,2007,0,2.0,0.0
MWI,Malawi,2007,0,5.0,0.0
NPL,,2007,0,0.0,0.0
SEN,,2007,0,24.0,0.0
LBR,,2007,0,7.0,0.0
GMB,,2007,0,1.0,0.0
GHA,,2007,0,18.0,0.0
AGO,Angola,2007,0,513.0,0.0
CHN,,2007,0,0.0,0.0
CMR,Cameroon,2007,0,1.0,0.0
MOZ,Mozambique,2007,0,22.0,0.0
IRQ,,2007,0,24.0,0.0
SDN,Sudan,2007,0,500.0,0.0
ETH,Ethiopia,2007,0,272.0,0.0
SOM,Somalia,2007,0,1182.0,0.0
RWA,,2007,0,21.0,0.0
USA,,2007,0,0.0,0.0
GIN,Guinea,2007,0,311.0,0.0
SWZ,,2007,0,0.0,0.0
STP,,2007,0,0.0,0.0
MYS,,2007,0,0.0,0.0
TCD,Chad,2007,0,0.0,0.0
LAO,,2007,0,3.0,0.0
BDI,Burundi,2007,0,2.0,0.0
TZA,Tanzania,2007,0,65.0,0.0
TGO,,2007,0,1.0,0.0
DJI,,2007,0,27.0,0.0
AUS,,2007,0,0.0,0.0
PHL,Philippines,2007,0,0.0,0.0
RUS,,2007,0,0.0,0.0
FRA,,2007,0,0.0,0.0
NAM,,2007,0,0.0,0.0
KEN,Kenya,2007,0,67.0,0.0
SLE,,2007,0,84.0,0.0
SVN,,2007,0,0.0,0.0
DEU,,2007,0,0.0,0.0
COM,,2007,0,29.0,0.0
GBR,,2007,0,0.0,0.0
VNM,,2007,0,0.0,0.0
GNB,,2007,0,8.0,0.0
DEU,,2006,0,0.0,0.0
CIV,,2006,0,15.0,0.0
AUS,,2006,0,0.0,0.0
NOR,,2006,0,0.0,0.0
CMR,Cameroon,2006,0,35.0,0.0
MRT,,2006,0,0.0,0.0
MDG,,2006,0,0.0,0.0
RUS,,2006,0,0.0,0.0
USA,,2006,0,0.0,0.0
ESP,,2006,0,0.0,0.0
NAM,,2006,0,5.0,0.0
CHN,,2006,0,2.0,0.0
ITA,,2006,0,0.0,0.0
SEN,,2006,0,10.0,0.0
GAB,,2006,0,0.0,0.0
GIN,Guinea,2006,0,219.0,0.0
THA,,2006,0,0.0,0.0
GBR,,2006,0,0.0,0.0
ETH,Ethiopia,2006,0,575.0,0.0
KEN,Kenya,2006,0,11.0,0.0
SWE,,2006,0,0.0,0.0
TCD,Chad,2006,0,71.0,0.0
MWI,Malawi,2006,0,55.0,0.0
ZAF,,2006,0,0.0,0.0
LBR,,2006,0,17.0,0.0
IND,India,2006,0,3.0,0.0
CAF,Central African Republic,2006,0,0.0,0.0
GNB,,2006,0,0.0,0.0
CHE,,2006,0,0.0,0.0
ZMB,Zambia,2006,0,183.0,0.0
RWA,,2006,0,21.0,0.0
TGO,,2006,0,25.0,0.0
PHL,Philippines,2006,0,1.0,0.0
GNQ,,2006,0,0.0,0.0
STP,,2006,0,9.0,0.0
AGO,Angola,2006,0,2722.0,0.0
SWZ,,2006,0,0.0,0.0
COM,,2006,0,0.0,0.0
COD,DR Congo,2006,0,426.0,0.0
NGA,Nigeria,2006,0,127.0,0.0
ERI,,2006,0,0.0,0.0
MLI,Mali,2006,0,0.0,0.0
COG,Congo,2006,0,10.0,0.0
SLE,,2006,0,99.0,0.0
UGA,Uganda,2006,0,106.0,0.0
NER,Niger,2006,0,81.0,0.0
FRA,,2006,0,0.0,0.0
CPV,,2006,0,0.0,0.0
TZA,Tanzania,2006,0,254.0,0.0
BDI,Burundi,2006,0,7.0,0.0
GMB,,2006,0,0.0,0.0
SYC,,2006,0,0.0,0.0
LSO,,2006,0,0.0,0.0
CAN,,2006,0,0.0,0.0
ZWE,Zimbabwe,2006,0,61.0,0.0
BFA,,2006,0,0.0,0.0
JPN,,2006,0,0.0,0.0
DZA,,2006,0,0.0,0.0
MOZ,Mozambique,2006,0,29.0,0.0
NLD,,2006,0,0.0,0.0
MYS,,2006,0,2.0,0.0
SDN,Sudan,2006,0,1011.0,0.0
MUS,,2006,0,0.0,0.0
BEN,,2006,0,1.0,0.0
GHA,,2006,0,107.0,0.0
BWA,,2006,0,0.0,0.0
COG,Congo,2005,0,0.0,0.0
MNG,,2005,0,0.0,0.0
UGA,Uganda,2005,0,98.0,0.0
MUS,,2005,0,0.0,0.0
VNM,,2005,0,0.0,0.0
MOZ,Mozambique,2005,0,24.0,0.0
IDN,,2005,0,19.0,0.0
TGO,,2005,0,15.0,0.0
GMB,,2005,0,13.0,0.0
NGA,Nigeria,2005,0,174.0,0.0
LBN,,2005,0,0.0,0.0
JPN,,2005,0,0.0,0.0
AUT,,2005,0,0.0,0.0
GNB,,2005,0,399.0,0.0
SEN,,2005,0,458.0,0.0
MDG,,2005,0,0.0,0.0
GNQ,,2005,0,33.0,0.0
ERI,,2005,0,0.0,0.0
USA,,2005,0,0.0,0.0
PHL,Philippines,2005,0,2.0,0.0
IRN,,2005,0,11.0,0.0
POL,,2005,0,0.0,0.0
GAB,,2005,0,0.0,0.0
AGO,Angola,2005,0,0.0,0.0
BFA,,2005,0,16.0,0.0
CIV,,2005,0,6.0,0.0
ZMB,Zambia,2005,0,7.0,0.0
CPV,,2005,0,0.0,0.0
LSO,,2005,0,0.0,0.0
DZA,,2005,0,0.0,0.0
GIN,Guinea,2005,0,107.0,0.0
ETH,Ethiopia,2005,0,0.0,0.0
BEN,,2005,0,11.0,0.0
MRT,,2005,0,70.0,0.0
NOR,,2005,0,0.0,0.0
TZA,Tanzania,2005,0,94.0,0.0
RWA,,2005,0,0.0,0.0
CAF,Central African Republic,2005,0,0.0,0.0
ZWE,Zimbabwe,2005,0,26.0,0.0
NAM,,2005,0,0.0,0.0
KEN,Kenya,2005,0,21.0,0.0
AFG,Afghanistan,2005,0,0.0,0.0
LBR,,2005,0,18.0,0.0
MWI,Malawi,2005,0,11.0,0.0
IND,India,2005,0,6.0,0.0
TCD,Chad,2005,0,14.0,0.0
NZL,,2005,0,0.0,0.0
STP,,2005,0,33.0,0.0
QAT,,2005,0,0.0,0.0
BDI,Burundi,2005,0,18.0,0.0
COD,DR Congo,2005,0,244.0,0.0
SWZ,,2005,0,0.0,0.0
FIN,,2005,0,0.0,0.0
CAN,,2005,0,0.0,0.0
BEL,,2005,0,0.0,0.0
CHN,,2005,0,4.0,0.0
NER,Niger,2005,0,55.0,0.0
GHA,,2005,0,51.0,0.0
BWA,,2005,0,0.0,0.0
COM,,2005,0,0.0,0.0
CMR,Cameroon,2005,0,110.0,0.0
SLE,,2005,0,0.0,0.0
NLD,,2005,0,0.0,0.0
FSM,,2005,0,0.0,0.0
PNG,,2005,0,0.0,0.0
ZAF,,2005,0,28.0,0.0
MLI,Mali,2005,0,76.0,0.0
BRA,,2005,0,0.0,0.0
AUS,,2005,0,0.0,0.0
SYC,,2005,0,0.0,0.0
GIN,Guinea,2004,0,117.0,0.0
TCD,Chad,2004,0,272.0,0.0
IRN,,2004,0,1.0,0.0
MYS,,2004,0,0.0,0.0
CHN,,2004,0,1.0,0.0
SWZ,,2004,0,16.0,0.0
IRQ,,2004,0,0.0,0.0
ZAF,,2004,0,35.0,0.0
CIV,,2004,0,9.0,0.0
KOR,,2004,0,0.0,0.0
SLE,,2004,0,42.0,0.0
GNB,,2004,0,3.0,0.0
GHA,,2004,0,6.0,0.0
BDI,Burundi,2004,0,14.0,0.0
CAN,,2004,0,0.0,0.0
MLI,Mali,2004,0,205.0,0.0
DNK,,2004,0,0.0,0.0
TGO,,2004,0,33.0,0.0
AUS,,2004,0,0.0,0.0
SOM,Somalia,2004,0,26.0,0.0
NGA,Nigeria,2004,0,185.0,0.0
GNQ,,2004,0,1.0,0.0
TZA,Tanzania,2004,0,272.0,0.0
CMR,Cameroon,2004,0,137.0,0.0
UGA,Uganda,2004,0,91.0,0.0
BRA,,2004,0,0.0,0.0
BEL,,2004,0,0.0,0.0
DEU,,2004,0,0.0,0.0
JPN,,2004,0,0.0,0.0
NER,Niger,2004,0,57.0,0.0
SGP,,2004,0,1.0,0.0
RUS,,2004,0,0.0,0.0
IND,India,2004,0,7.0,0.0
SWE,,2004,0,0.0,0.0
RWA,,2004,0,0.0,0.0
USA,,2004,0,0.0,0.0
ZWE,Zimbabwe,2004,0,9.0,0.0
QAT,,2004,0,0.0,0.0
NLD,,2004,0,0.0,0.0
BEN,,2004,0,9.0,0.0
KEN,Kenya,2004,0,15.0,0.0
COL,Colombia,2004,0,0.0,0.0
CAF,Central African Republic,2004,0,48.0,0.0
GBR,,2004,0,0.0,0.0
LBR,,2004,0,4.0,0.0
MOZ,Mozambique,2004,0,110.0,0.0
COM,,2004,0,0.0,0.0
ETH,Ethiopia,2004,0,0.0,0.0
PHL,Philippines,2004,0,3.0,0.0
MWI,Malawi,2004,0,4.0,0.0
COD,DR Congo,2004,0,228.0,0.0
ECU,,2004,0,0.0,0.0
ZMB,Zambia,2004,0,373.0,0.0
SEN,,2004,0,10.0,0.0
KHM,,2004,0,1.0,0.0
MWI,Malawi,2003,0,34.0,0.0
GNB,,2003,0,2.0,0.0
AFG,Afghanistan,2003,0,7.0,0.0
CAN,,2003,0,0.0,0.0
SGP,,2003,0,0.0,0.0
SOM,Somalia,2003,0,56.0,0.0
IND,India,2003,0,2.0,0.0
MLI,Mali,2003,0,119.0,0.0
SWZ,,2003,0,13.0,0.0
GIN,Guinea,2003,0,1.0,0.0
BFA,,2003,0,0.0,0.0
JPN,,2003,0,0.0,0.0
RWA,,2003,0,0.0,0.0
COM,,2003,0,0.0,0.0
BEN,,2003,0,11.0,0.0
MRT,,2003,0,8.0,0.0
TCD,Chad,2003,0,7.0,0.0
UGA,Uganda,2003,0,129.0,0.0
MOZ,Mozambique,2003,0,102.0,0.0
IRQ,,2003,0,0.0,0.0
MDG,,2003,0,0.0,0.0
LBR,,2003,0,38.0,0.0
BDI,Burundi,2003,0,18.0,0.0
DEU,,2003,0,0.0,0.0
ZMB,Zambia,2003,0,29.0,0.0
SWE,,2003,0,0.0,0.0
TZA,Tanzania,2003,0,32.0,0.0
GHA,,2003,0,4.0,0.0
ECU,,2003,0,0.0,0.0
USA,,2003,0,0.0,0.0
NGA,Nigeria,2003,0,87.0,0.0
ZWE,Zimbabwe,2003,0,35.0,0.0
CIV,,2003,0,50.0,0.0
NER,Niger,2003,0,11.0,0.0
GBR,,2003,0,0.0,0.0
GAB,,2003,0,0.0,0.0
COD,DR Congo,2003,0,989.0,0.0
ZAF,,2003,0,45.0,0.0
TGO,,2003,0,28.0,0.0
GTM,,2003,0,0.0,0.0
NLD,,2003,0,0.0,0.0
CMR,Cameroon,2003,0,36.0,0.0
IRN,,2003,0,0.0,0.0
CHN,,2003,0,1.0,0.0
SAU,,2002,0,0.0,0.0
AUT,,2002,0,0.0,0.0
MLI,Mali,2002,0,2.0,0.0
MRT,,2002,0,0.0,0.0
AFG,Afghanistan,2002,0,0.0,0.0
CMR,Cameroon,2002,0,8.0,0.0
GNB,,2002,0,6.0,0.0
DEU,,2002,0,0.0,0.0
JPN,,2002,0,0.0,0.0
COM,,2002,0,46.0,0.0
UGA,Uganda,2002,0,133.0,0.0
BEN,,2002,0,13.0,0.0
COD,DR Congo,2002,0,1979.0,0.0
PER,,2002,0,0.0,0.0
QAT,,2002,0,0.0,0.0
MOZ,Mozambique,2002,0,342.0,0.0
CIV,,2002,0,143.0,0.0
GAB,,2002,0,0.0,0.0
TZA,Tanzania,2002,0,297.0,0.0
MDG,,2002,0,0.0,0.0
FRA,,2002,0,0.0,0.0
TGO,,2002,0,14.0,0.0
MWI,Malawi,2002,0,911.0,0.0
BDI,Burundi,2002,0,8.0,0.0
LKA,,2002,0,1.0,0.0
GTM,,2002,0,0.0,0.0
GIN,Guinea,2002,0,11.0,0.0
SGP,,2002,0,0.0,0.0
KEN,Kenya,2002,0,10.0,0.0
LBR,,2002,0,0.0,0.0
IND,India,2002,0,10.0,0.0
TKM,,2002,0,2.0,0.0
CZE,,2002,0,0.0,0.0
NLD,,2002,0,0.0,0.0
CAN,,2002,0,0.0,0.0
USA,,2002,0,0.0,0.0
ARE,,2002,0,0.0,0.0
ESP,,2002,0,0.0,0.0
NGA,Nigeria,2002,0,154.0,0.0
AUS,,2002,0,0.0,0.0
SOM,Somalia,2002,0,159.0,0.0
ZAF,,2002,0,32.0,0.0
OMN,,2002,0,0.0,0.0
ZMB,Zambia,2002,0,12.0,0.0
IRN,,2002,0,0.0,0.0
GHA,,2002,0,65.0,0.0
SWZ,,2002,0,2.0,0.0
IRQ,,2002,0,0.0,0.0
NER,Niger,2002,0,12.0,0.0
ZWE,Zimbabwe,2002,0,192.0,0.0
SWZ,,2001,0,107.0,0.0
COD,DR Congo,2001,0,390.0,0.0
MDG,,2001,0,413.0,0.0
COM,,2001,0,4.0,0.0
RUS,,2001,0,0.0,0.0
NER,Niger,2001,0,1.0,0.0
BRA,,2001,0,0.0,0.0
RWA,,2001,0,2.0,0.0
KAZ,,2001,0,0.0,0.0
LBR,,2001,0,0.0,0.0
SOM,Somalia,2001,0,93.0,0.0
UGA,Uganda,2001,0,4.0,0.0
NGA,Nigeria,2001,0,119.0,0.0
SGP,,2001,0,0.0,0.0
PER,,2001,0,0.0,0.0
GIN,Guinea,2001,0,22.0,0.0
BFA,,2001,0,7.0,0.0
USA,,2001,0,0.0,0.0
MWI,Malawi,2001,0,42.0,0.0
HND,,2001,0,0.0,0.0
NZL,,2001,0,0.0,0.0
DEU,,2001,0,0.0,0.0
CMR,Cameroon,2001,0,7.0,0.0
BDI,Burundi,2001,0,20.0,0.0
BEN,,2001,0,71.0,0.0
MEX,,2001,0,0.0,0.0
CHN,,2001,0,0.0,0.0
OMN,,2001,0,0.0,0.0
ESP,,2001,0,0.0,0.0
CIV,,2001,0,305.0,0.0
AFG,Afghanistan,2001,0,114.0,0.0
IRL,,2001,0,0.0,0.0
MLI,Mali,2001,0,9.0,0.0
FRA,,2001,0,0.0,0.0
MOZ,Mozambique,2001,0,102.0,0.0
ZWE,Zimbabwe,2001,0,14.0,0.0
CAN,,2001,0,0.0,0.0
FSM,,2001,0,0.0,0.0
TGO,,2001,0,130.0,0.0
PHL,Philippines,2001,0,0.0,0.0
AUT,,2001,0,0.0,0.0
JPN,,2001,0,0.0,0.0
IRQ,,2001,0,0.0,0.0
GTM,,2001,0,0.0,0.0
AUS,,2001,0,0.0,0.0
KEN,Kenya,2001,0,55.0,0.0
IDN,,2001,0,6.0,0.0
ZAF,,2001,0,232.0,0.0
IRN,,2001,0,0.0,0.0
ZMB,Zambia,2001,0,165.0,0.0
ECU,,2001,0,0.0,0.0
TCD,Chad,2001,0,226.0,0.0
TON,,2001,0,2.0,0.0
KOR,,2001,0,0.0,0.0
TZA,Tanzania,2001,0,52.0,0.0
IND,India,2001,0,6.0,0.0
GHA,,2001,0,160.0,0.0
MYS,,2001,0,11.0,0.0
TKM,,2001,0,6.0,0.0
SOM,Somalia,2000,0,563.0,0.0
NLD,,2000,0,0.0,0.0
MYS,,2000,0,1.0,0.0
BDI,Burundi,2000,0,16.0,0.0
ZMB,Zambia,2000,0,303.0,0.0
KEN,Kenya,2000,0,78.0,0.0
GIN,Guinea,2000,0,32.0,0.0
ZAF,,2000,0,68.0,0.0
COD,DR Congo,2000,0,941.0,0.0
BFA,,2000,0,14.0,0.0
MDG,,2000,0,1672.0,0.0
BEN,,2000,0,11.0,0.0
VEN,,2000,0,0.0,0.0
MWI,Malawi,2000,0,56.0,0.0
AFG,Afghanistan,2000,0,198.0,0.0
SGP,,2000,0,0.0,0.0
LBR,,2000,0,10.0,0.0
DJI,,2000,0,32.0,0.0
COM,,2000,0,91.0,0.0
MEX,,2000,0,0.0,0.0
MLI,Mali,2000,0,51.0,0.0
CHN,,2000,0,3.0,0.0
FSM,,2000,0,20.0,0.0
NER,Niger,2000,0,38.0,0.0
COG,Congo,2000,0,2.0,0.0
GHA,,2000,0,74.0,0.0
DEU,,2000,0,0.0,0.0
ZWE,Zimbabwe,2000,0,223.0,0.0
AUS,,2000,0,0.0,0.0
IRN,,2000,0,3.0,0.0
PER,,2000,0,6.0,0.0
MOZ,Mozambique,2000,0,238.0,0.0
UGA,Uganda,2000,0,172.0,0.0
SWZ,,2000,0,16.0,0.0
JPN,,2000,0,0.0,0.0
FRA,,2000,0,0.0,0.0
USA,,2000,0,0.0,0.0
RWA,,2000,0,8.0,0.0
SLV,,2000,0,2.0,0.0
GBR,,2000,0,0.0,0.0
NIC,,2000,0,0.0,0.0
NGA,Nigeria,2000,0,43.0,0.0
IND,India,2000,0,20.0,0.0
TGO,,2000,0,23.0,0.0
HND,,2000,0,0.0,0.0
CAN,,2000,0,0.0,0.0
IRQ,,2000,0,4.0,0.0
PHL,Philippines,2000,0,6.0,0.0
LKA,,2000,0,0.0,0.0
MHL,,2000,0,6.0,0.0
BRA,,2000,0,17.0,0.0
GTM,,2000,0,6.0,0.0
BGD,Bangladesh,2000,0,16.0,0.0
TZA,Tanzania,2000,0,156.0,0.0
ECU,,2000,0,1.0,0.0
CMR,Cameroon,2000,0,29.0,0.0
